id;access_token;refresh_token;access_token_expiration;refresh_token_expiration
1;Dalasi content overriding;networks online Sweden;2023-05-29T06:43:34;2023-05-28T21:40:35
2;disintermediate Generic;project Table Terrace;2023-05-28T23:42:24;2023-05-29T02:51:39
3;stable Ergonomic Alabama;Cloned;2023-05-29T13:23:45;2023-05-29T02:20:26
4;Associate;Hills Towels;2023-05-29T00:28:05;2023-05-29T19:27:14
5;compelling Frozen Brooks;Quality deposit Accountability;2023-05-28T22:40:42;2023-05-29T10:23:26
6;drive;transmitting payment Ringgit;2023-05-28T19:38:06;2023-05-29T15:00:41
7;Frozen compressing;Pizza Direct;2023-05-29T10:44:26;2023-05-29T09:17:55
8;virtual syndicate Flats;California Oregon seize;2023-05-29T18:06:21;2023-05-29T13:58:49
9;database Division;incubate Viaduct;2023-05-29T14:48:23;2023-05-28T23:48:10
10;Agent;Kwanza Games;2023-05-28T22:57:48;2023-05-29T07:40:05
